domain,accuracy
agent,0.5555555555555556
code,0.5555555555555556
creative_writing,0.5555555555555556
factual_qa,0.5555555555555556
instruction_following,0.5555555555555556
math,0.5555555555555556
medical_legal,0.5555555555555556
rag,0.5555555555555556
safety,0.5555555555555556
summarization,0.5555555555555556
